ProductNumber;Master;Name;Brand;;CustomFields;Deeplink;Description;FilterAttributes;ImageUrl;Price
1e656a5b5d7240a9b5ceff6adb1fff90;1e656a5b5d7240a9b5ceff6adb1fff90;"Durable Wool Fish Soda";"Jacobi Ltd";Garden+%26+Jewelry/Sports+%26+Electronics;;/Durable-Wool-Fish-Soda/1e656a5b5d7240a9b5ceff6adb1fff90;"Dicta quidem et officia voluptas. Dolores praesentium quam repellat qui. Deserunt magnam corrupti voluptates sint molestiae ea.";"|color=lightgrey|length=8 mm|content=13 ml|content=4 ml|length=5 mm|content=19 ml|color=cornsilk|length=19 mm|color=darkslategray|";http://localhost/media/ef/f3/1e/1620394006/23a01dd637b26a59f108d5e6490e4dd9.jpg;523.31
67902514d20d4234aa5b35c1c1919d12;67902514d20d4234aa5b35c1c1919d12;"Mediocre Silk Neurocell";"Harvey PLC";Toys/Tools%2C+Beauty+%26+Health;;/Mediocre-Silk-Neurocell/67902514d20d4234aa5b35c1c1919d12;"Vel qui et magnam ab. Aut consectetur aut consequuntur. Qui illum aliquam neque.";"|length=5 mm|content=17 ml|content=1 ml|length=17 mm|color=pink|content=12 ml|color=deeppink|color=lightpink|length=3 mm|";http://localhost/media/95/6e/1f/1620394006/903fa11203b49f7ebc2ecb8e99a7445d.jpg;409.42
aa5a1454d48a4babbe626551b11f278b;aa5a1454d48a4babbe626551b11f278b;"Ergonomic Plastic Sinus Side";"Parisian Inc";Sports%2C+Music+%26+Outdoors;;/Ergonomic-Plastic-Sinus-Side/aa5a1454d48a4babbe626551b11f278b;"Quos aut placeat dolores. Quasi et voluptatem explicabo eveniet est nostrum. Quas est culpa rerum impedit vero doloribus quia.";"|content=4 ml|content=19 ml|length=17 mm|color=hotpink|color=darkkhaki|length=4 mm|content=7 ml|color=dimgray|length=10 mm|";http://localhost/media/28/2e/b9/1620394006/7a41eda4b09b6d29ca1a47bf2e251342.jpg;184.96
768c29e13d4d4156a18e7a13171ded7c;768c29e13d4d4156a18e7a13171ded7c;"Heavy Duty Plastic Clean Grooves";"Conn, Harvey and Franecki";Sports%2C+Music+%26+Outdoors/Shoes%2C+Garden+%26+Automotive;;/Heavy-Duty-Plastic-Clean-Grooves/768c29e13d4d4156a18e7a13171ded7c;"Voluptas et nam cum ullam dolores. Saepe ut deleniti est dolorum voluptas. Voluptatem qui quisquam quo quibusdam quos non at.";"|length=5 mm|color=darkslategray|length=17 mm|content=7 ml|length=21 mm|content=2 ml|content=9 ml|color=crimson|color=lightblue|";http://localhost/media/ba/41/bb/1620394007/5a8b086dd43c5ceeec6a24aa3b36da2f.jpg;942.73
3cb7c89d48ed45418d1afe7cd1f0b7e1;3cb7c89d48ed45418d1afe7cd1f0b7e1;"Durable Concrete Bike Along";Cruickshank-Paucek;Sports%2C+Music+%26+Outdoors/Garden%2C+Automotive+%26+Grocery;;/Durable-Concrete-Bike-Along/3cb7c89d48ed45418d1afe7cd1f0b7e1;"Explicabo fuga recusandae quia ullam rem adipisci. Veritatis ut distinctio architecto illum sint inventore delectus amet. Vel voluptates facilis nemo. At ut et ea atque.";"|length=5 mm|length=4 mm|content=5 ml|color=salmon|length=12 mm|color=midnightblue|color=dodgerblue|content=11 ml|content=15 ml|";http://localhost/media/e4/a9/a6/1620394007/4af8be57734066807ee6fe9d2c84b530.jpg;275.25
317534318d5444779e29928884d3aae5;317534318d5444779e29928884d3aae5;"Enormous Wooden ExoMonk";"Turcotte, Cormier and Stroman";Toys/Games+%26+Kids;;/Enormous-Wooden-ExoMonk/317534318d5444779e29928884d3aae5;"Ex veritatis consequatur quia ut quis rerum vel. Odio veniam ut et nisi quo. Repellat non exercitationem qui ipsa fuga qui eos.";"|length=12 mm|color=slategray|content=21 ml|length=14 mm|length=6 mm|color=cadetblue|content=20 ml|color=aquamarine|content=3 ml|";http://localhost/media/a8/33/45/1620394007/91d89834277c84be29d29ed48bf9ac0b.jpg;494.41
1b9df0893a3a4973a54c7e32eef44d6d;1b9df0893a3a4973a54c7e32eef44d6d;"Enormous Marble Ruby Suite";"Abernathy LLC";Toys;;/Enormous-Marble-Ruby-Suite/1b9df0893a3a4973a54c7e32eef44d6d;"Eligendi consequatur mollitia ab sint. Fuga deleniti asperiores ipsam corrupti. Nam veritatis reprehenderit accusamus nam error nihil qui harum. Veniam maiores qui laboriosam quia quod quia.";"|length=19 mm|content=9 ml|content=15 ml|content=3 ml|length=9 mm|color=slateblue|color=lightskyblue|color=darkgray|length=1 mm|";http://localhost/media/6a/7f/c4/1620394006/b841a75bc95568a8539504fce357cfcb.jpg;597.98
70b0411ce77645218d9d65bea3594e5e;70b0411ce77645218d9d65bea3594e5e;"Incredible Rubber Abundance";"Sanford LLC";Sports%2C+Music+%26+Outdoors/Industrial+%26+Shoes;;/Incredible-Rubber-Abundance/70b0411ce77645218d9d65bea3594e5e;"Harum ut dolores et omnis magnam accusamus. Distinctio expedita rerum vitae eos. Et dolor neque excepturi non omnis maxime aut sed.";"|length=5 mm|color=lightpink|length=3 mm|content=9 ml|content=18 ml|content=8 ml|length=18 mm|color=darkorange|color=greenyellow|";http://localhost/media/35/7b/e0/1620394007/55d46a71df9bef26dc1ebe703def55b1.jpg;23.78
ceb13b56782b468db1d8921e22473bec;ceb13b56782b468db1d8921e22473bec;"Durable Wool Jamnation";"Sanford LLC";Beauty/Grocery+%26+Baby;;/Durable-Wool-Jamnation/ceb13b56782b468db1d8921e22473bec;"Quaerat minima totam dolorem ab est rem. Et laborum odio nisi voluptates eligendi asperiores ut. Odio quidem voluptate autem et. Corporis debitis exercitationem at veritatis ut.";"|length=19 mm|content=7 ml|content=5 ml|length=6 mm|length=18 mm|color=burlywood|color=papayawhip|content=14 ml|color=semisweetchocolate|";http://localhost/media/ba/41/bb/1620394007/5a8b086dd43c5ceeec6a24aa3b36da2f.jpg;878.40
66789d275a434097bb41bdc05740782f;66789d275a434097bb41bdc05740782f;"Fantastic Linen Swing Bling";"Bahringer LLC";Toys/Games+%26+Kids;;/Fantastic-Linen-Swing-Bling/66789d275a434097bb41bdc05740782f;"Perferendis est ut assumenda ut. Est ipsam recusandae delectus sunt. Et consequatur consectetur et quas ratione eligendi. Dolores iste qui ratione ut labore dolorem ut.";"|content=1 ml|length=21 mm|content=21 ml|length=6 mm|content=3 ml|color=lightgreen|length=15 mm|color=darkred|color=limegreen|";http://localhost/media/19/d8/2a/1620394007/98886b81f0c0b139bb75dbfec18adeff.jpg;180.69
c80f7b9469d645de9e4c64a2209ce0da;c80f7b9469d645de9e4c64a2209ce0da;"Durable Wooden Mr. Fortnight";"Bode, Connelly and Rosenbaum";Beauty/Toys+%26+Music;;/Durable-Wooden-Mr.-Fortnight/c80f7b9469d645de9e4c64a2209ce0da;"Blanditiis at aperiam repellat odit minima omnis. Dolorum repellat quo quos voluptas sed quo et qui. Qui corrupti distinctio voluptatum illum rem sit.";"|length=5 mm|color=lightpink|length=21 mm|content=15 ml|content=14 ml|length=15 mm|color=gold|color=darkgoldenrod|content=16 ml|";http://localhost/media/87/7b/bc/1620394006/5e79600478286c2fe7ad8b5649b9287f.jpg;247.80
5c3dae4b543d493cac054c5f6c2d047e;5c3dae4b543d493cac054c5f6c2d047e;"Rustic Silk InfinitySleep";"Metz PLC";Computers+%26+Music/Electronics+%26+Industrial;;/Rustic-Silk-InfinitySleep/5c3dae4b543d493cac054c5f6c2d047e;"Et commodi reiciendis in ipsam. Culpa debitis modi unde quas in qui. Ut ut libero et sit. Ipsa dolor magnam quibusdam quia voluptatum cum.";"|length=8 mm|color=deeppink|length=3 mm|length=10 mm|content=11 ml|content=3 ml|color=darktan|content=10 ml|color=scarlet|";http://localhost/media/37/b3/0d/1620394006/cc2e8f26e523ad56b8bfefedc008c89a.jpg;632.73
295c3d9ef8db4444b4eda2578e080428;295c3d9ef8db4444b4eda2578e080428;"Awesome Cotton Ziggy Endust";Bailey-Considine;Baby%2C+Toys+%26+Electronics/Music+%26+Computers;;/Awesome-Cotton-Ziggy-Endust/295c3d9ef8db4444b4eda2578e080428;"Sit quis repellat qui id magnam et pariatur. Dolor blanditiis optio expedita ea odio aliquid occaecati.";"|content=13 ml|length=19 mm|length=17 mm|content=12 ml|color=deeppink|color=darkkhaki|length=4 mm|content=10 ml|color=thistle|";http://localhost/media/d4/8e/7d/1620394006/701a1e557327a66465fb5c8418f0fd9f.jpg;582.61
46e5bb64dc0e46b2aaa716b213aff7c9;46e5bb64dc0e46b2aaa716b213aff7c9;"Intelligent Copper Moltantric";Witting-Bode;Sports%2C+Music+%26+Outdoors/Garden%2C+Automotive+%26+Grocery;;/Intelligent-Copper-Moltantric/46e5bb64dc0e46b2aaa716b213aff7c9;"Sed neque neque architecto commodi. Voluptatem dolores id ea amet est quisquam. Itaque qui ullam modi assumenda repellat consectetur qui. Ratione ex facilis sit. Suscipit et qui ex soluta inventore.";"|content=12 ml|color=dodgerblue|content=15 ml|length=14 mm|color=burlywood|content=16 ml|color=peachpuff|length=7 mm|length=16 mm|";http://localhost/media/d6/7e/13/1620394007/b26bee0aedfea771f3129bebb202d4f7.jpg;487.68
2bbc434638e24c2597216e8f3f1b49f5;2bbc434638e24c2597216e8f3f1b49f5;"Mediocre Wool TryMe";"Simonis, Mills and Hirthe";Computers+%26+Music/Tools+%26+Beauty;;/Mediocre-Wool-TryMe/2bbc434638e24c2597216e8f3f1b49f5;"Ipsam sit facilis in eum. Ullam numquam adipisci porro temporibus modi sint. Doloribus adipisci error esse sed quo dolores quis.";"|length=19 mm|content=5 ml|length=6 mm|content=18 ml|length=18 mm|content=14 ml|color=darkred|color=darkwood|color=mediumblue|";http://localhost/media/cd/0d/52/1620394007/a7b973161137ab7dfac72bffb1629467.jpg;909.38
5cc28209b601425395e9dcb7759dd91a;5cc28209b601425395e9dcb7759dd91a;"Incredible Linen UnSmell";Murazik-Hills;Jewelry+%26+Outdoors/Baby%2C+Beauty+%26+Electronics;;/Incredible-Linen-UnSmell/5cc28209b601425395e9dcb7759dd91a;"Veniam enim molestiae occaecati in. Et praesentium enim error similique quibusdam. Qui doloremque beatae quod voluptate doloremque debitis nihil.";"|content=13 ml|length=3 mm|content=11 ml|content=14 ml|length=16 mm|length=11 mm|color=darkmagenta|color=greencopper|color=darkslateblue|";http://localhost/media/44/7f/40/1620394007/8b4e26de9ef7452d2daffe5760748631.jpg;612.11
4e12c10382be405cbce2cbd1794686d6;4e12c10382be405cbce2cbd1794686d6;"Small Copper Mixed Feelings";"Hoeger, Hilpert and Gutkowski";Garden+%26+Jewelry/Computers+%26+Garden;;/Small-Copper-Mixed-Feelings/4e12c10382be405cbce2cbd1794686d6;"Dolores voluptatem tempora ipsam vitae et. Officiis quo aperiam eum esse dolor veritatis a. Est modi ducimus facere et nesciunt et. Nobis culpa aperiam impedit corrupti voluptatibus sed.";"|content=13 ml|length=19 mm|content=1 ml|content=2 ml|length=9 mm|color=peru|length=13 mm|color=newtan|color=darkolivegreen|";http://localhost/media/a2/35/fa/1620394006/fbe24216741fd257ee646e958ca0ec40.jpg;738.93
1fbb7f51ccdc4b9a89ae43ad0e5a1f5b;1fbb7f51ccdc4b9a89ae43ad0e5a1f5b;"Enormous Silk Herbal Euphoria";"Schuppe Group";Toys/Sports%2C+Music+%26+Automotive;;/Enormous-Silk-Herbal-Euphoria/1fbb7f51ccdc4b9a89ae43ad0e5a1f5b;"Est quia sunt aut numquam minima dolorum. Aut aliquam quis debitis odio iure sunt. Est minima cum beatae est error tempora reiciendis.";"|content=13 ml|length=19 mm|content=12 ml|content=5 ml|length=9 mm|color=slateblue|length=7 mm|color=darkolivegreen|color=verylightgrey|";http://localhost/media/32/93/3a/1620394007/5af756f6161e012754b6b58719cb9d61.jpg;916.24
dc954077907d4e499610ce0e793111f1;dc954077907d4e499610ce0e793111f1;"Enormous Steel PokeMonster";Cruickshank-Paucek;Garden+%26+Jewelry/Shoes;;/Enormous-Steel-PokeMonster/dc954077907d4e499610ce0e793111f1;"Vero odit nihil velit tempore omnis. Eos sed asperiores doloremque.";"|content=19 ml|color=pink|length=4 mm|length=14 mm|content=3 ml|length=1 mm|content=8 ml|color=neonpink|color=mediumslateblue|";http://localhost/media/39/47/bb/1620394006/422cbe42af3752b3aff797326a87b943.jpg;382.80
a3b5d0ac124e4b239ebd9c7390f2bac0;a3b5d0ac124e4b239ebd9c7390f2bac0;"Aerodynamic Granite Elemantra";"Kuhic LLC";Toys/Sports%2C+Music+%26+Automotive;;/Aerodynamic-Granite-Elemantra/a3b5d0ac124e4b239ebd9c7390f2bac0;"Animi quam illo qui aut minus aut. Corrupti doloremque quis quaerat quibusdam. Asperiores iure qui quaerat unde.";"|length=19 mm|content=2 ml|length=6 mm|content=18 ml|color=darkgoldenrod|content=16 ml|length=13 mm|color=skyblue|color=mistyrose|";http://localhost/media/0c/2f/9b/1620394007/e998436ce6e9b02789ca2b7a64cb2371.jpg;900.67
780a224a40ca48cebb89add17a54446d;780a224a40ca48cebb89add17a54446d;"Intelligent Aluminum Class Wire";"Schuppe Group";Jewelry+%26+Outdoors/Electronics;;/Intelligent-Aluminum-Class-Wire/780a224a40ca48cebb89add17a54446d;"Qui id facilis et. Nulla saepe dignissimos fuga molestiae voluptatem. Dicta modi voluptatibus neque dolores eum eum maiores.";"|content=19 ml|length=12 mm|content=15 ml|content=21 ml|color=darkwood|length=13 mm|color=verylightgrey|color=plum|length=20 mm|";http://localhost/media/a9/f5/29/1620394006/214ad8dbae9ec19b9c7f3170b6312f3d.jpg;499.89
4324dc5f27834ee2b9a4e38138c5ea5e;4324dc5f27834ee2b9a4e38138c5ea5e;"Ergonomic Aluminum Zoinage";"Abernathy LLC";Baby%2C+Toys+%26+Electronics/Outdoors;;/Ergonomic-Aluminum-Zoinage/4324dc5f27834ee2b9a4e38138c5ea5e;"Voluptas error eos officiis. Nam expedita consequatur officiis et. Et et sequi ea sunt voluptatum aperiam. Et odit temporibus expedita ut. Harum adipisci dolores et sint et omnis.";"|content=17 ml|length=4 mm|length=10 mm|content=11 ml|length=1 mm|color=scarlet|color=mediumwood|color=steelblue|content=6 ml|";http://localhost/media/b3/28/43/1620394007/956dcf0082b56de62d347d4c1a394d3e.jpg;292.83
021c337340de43248cb20c8abc243e5d;021c337340de43248cb20c8abc243e5d;"Enormous Rubber Vettigan";"Jacobi Ltd";Garden+%26+Jewelry/Sports%2C+Grocery+%26+Music;;/Enormous-Rubber-Vettigan/021c337340de43248cb20c8abc243e5d;"Ipsam ut voluptatum maiores dolorum libero. Reiciendis accusamus exercitationem qui autem minus. Nemo omnis at quo nemo est a. At deleniti quas non aut.";"|length=8 mm|length=3 mm|content=3 ml|length=18 mm|content=14 ml|content=16 ml|color=darkolivegreen|color=lightyellow|color=mediumaquamarine|";http://localhost/media/32/a0/6d/1620394006/81e0f092e50b05e9c9b98addc9d46396.jpg;307.11
7600b886af894eddbb72f9c33668f004;7600b886af894eddbb72f9c33668f004;"Mediocre Copper Ham-Fed Corn Flakes";"Jacobi Ltd";Sports%2C+Music+%26+Outdoors/Books%2C+Jewelry+%26+Tools;;/Mediocre-Copper-Ham-Fed-Corn-Flakes/7600b886af894eddbb72f9c33668f004;"Perferendis minus totam ipsam dolores aut maiores rerum. Ipsa quia sunt laborum suscipit laudantium cumque doloremque. Asperiores autem et dignissimos beatae. Fugiat nisi ducimus voluptas sed maxime.";"|content=17 ml|content=20 ml|length=9 mm|content=14 ml|length=15 mm|length=20 mm|color=bronze|color=navajowhite|color=bisque|";http://localhost/media/37/b3/0d/1620394006/cc2e8f26e523ad56b8bfefedc008c89a.jpg;310.27
4515a3ded3074e86857f7b52db428f30;4515a3ded3074e86857f7b52db428f30;"Enormous Silk Portalite";Witting-Bode;Baby%2C+Toys+%26+Electronics/Clothing%2C+Tools+%26+Games;;/Enormous-Silk-Portalite/4515a3ded3074e86857f7b52db428f30;"Officiis maiores ut ipsam hic qui illo. Consequuntur modi dolorem suscipit eveniet quam ab impedit repellat. Fugiat maiores quis earum. Non vel aliquid qui tempora reprehenderit sed voluptas aliquid.";"|length=8 mm|content=13 ml|length=21 mm|content=16 ml|content=10 ml|length=16 mm|color=mediumwood|color=olivedrab|color=lightsalmon|";http://localhost/media/fb/18/94/1620394007/5ce480f916512033495cb429e6a78752.jpg;499.05
c2a0de6e6f50474cbcd542bc24a9b7d7;c2a0de6e6f50474cbcd542bc24a9b7d7;"Rustic Paper Funky Crunchies";Murazik-Hills;Toys/Computers%2C+Games+%26+Grocery;;/Rustic-Paper-Funky-Crunchies/c2a0de6e6f50474cbcd542bc24a9b7d7;"Consequatur distinctio ipsa aut voluptas odio cumque. Aut voluptatem nobis expedita vel. Voluptatem voluptate similique culpa vitae dolor vel.";"|content=19 ml|length=3 mm|content=7 ml|content=9 ml|length=6 mm|color=aquamarine|color=darktan|length=20 mm|color=bronze|";http://localhost/media/f9/5f/b1/1620394007/59c2661d37e53a23d9bc49b9ae719a3b.jpg;331.29
df8611e0992b4c9eb21965b9932d7dc9;df8611e0992b4c9eb21965b9932d7dc9;"Durable Cotton Gandhi Jar";Schimmel-Friesen;Baby%2C+Toys+%26+Electronics/Music+%26+Computers;;/Durable-Cotton-Gandhi-Jar/df8611e0992b4c9eb21965b9932d7dc9;"Autem molestiae ut eius id sed libero non. Reiciendis est soluta eos libero ut. Quis placeat eius voluptas consectetur necessitatibus ab debitis. Culpa quod rem eaque quas.";"|color=darkslategray|content=17 ml|length=10 mm|length=21 mm|color=lightblue|length=6 mm|content=16 ml|color=neonpink|content=6 ml|";http://localhost/media/64/cf/73/1620394006/81ca92d2cc757460f81a9b275a78b175.jpg;129.12
8bb2ba557ab446bea856b63680e7e609;8bb2ba557ab446bea856b63680e7e609;"Rustic Copper Know Order";"Kuhic LLC";Baby%2C+Toys+%26+Electronics/Grocery;;/Rustic-Copper-Know-Order/8bb2ba557ab446bea856b63680e7e609;"Temporibus aut et doloribus. Et quo consequuntur est dolorem enim molestiae vel. Autem commodi quia facere nulla. Eligendi vero unde omnis occaecati id quis repellendus.";"|length=19 mm|length=3 mm|content=11 ml|content=3 ml|content=18 ml|length=13 mm|color=mediumslateblue|color=feldspar|color=lightcoral|";http://localhost/media/94/5f/37/1620394007/2c0c0708fba97e930236e8590a49a814.jpg;599.20
fed28afc83154f2395e29cc7c2e7b2a6;fed28afc83154f2395e29cc7c2e7b2a6;"Heavy Duty Silk World Processor";"Parker, Ruecker and Schaden";Jewelry+%26+Outdoors/Games+%26+Baby;"|vitae optio ex=20|suscipit alias et=test|omnis voluptatem maxime=100|";/Heavy-Duty-Silk-World-Processor/fed28afc83154f2395e29cc7c2e7b2a6;"Suscipit incidunt dolor eveniet et ipsam. Aspernatur ratione unde ducimus modi ipsum aut dicta. Aliquid totam facilis non eum possimus aut. Aliquid ad voluptatem nemo et qui.";"|content=19 ml|length=3 mm|color=dimgray|content=11 ml|content=16 ml|length=16 mm|length=13 mm|color=royalblue|color=aliceblue|";http://localhost/media/da/8a/20/1620394006/15a92c018cbefb89449662661862a66d.jpg;155.70
973d6a74219c40749e1381c56e5135b8;973d6a74219c40749e1381c56e5135b8;"Incredible Wool Slumberia";Shields-Gibson;Computers+%26+Music/Books+%26+Jewelry;;/Incredible-Wool-Slumberia/973d6a74219c40749e1381c56e5135b8;"Quidem cupiditate voluptas quaerat necessitatibus quis quam. Quo harum illo voluptatum consequatur recusandae quia. Tenetur autem sed ut omnis at beatae occaecati commodi.";"|content=12 ml|length=21 mm|content=3 ml|length=18 mm|content=10 ml|length=7 mm|color=plum|color=fadedbrown|color=coolcopper|";http://localhost/media/83/9b/ca/1620394007/5523272f0d1ce03e5ff4837b53cc5835.jpg;810.08
2030c9d8505f4cef9cf109b7088e73e3;2030c9d8505f4cef9cf109b7088e73e3;"Fantastic Plastic Pigzart";"Trantow, Crooks and Mitchell";Beauty/Grocery+%26+Toys;;/Fantastic-Plastic-Pigzart/2030c9d8505f4cef9cf109b7088e73e3;"Facere culpa qui consequatur qui ipsum sed ea. Eius est a vitae eligendi. Maiores asperiores sed vitae sed sit id cumque dicta.";"|length=5 mm|length=4 mm|color=midnightblue|content=11 ml|content=3 ml|content=8 ml|length=16 mm|color=ivory|color=cornflowerblue|";http://localhost/media/35/7b/e0/1620394007/55d46a71df9bef26dc1ebe703def55b1.jpg;68.10
e3958c2736a24adf9f7f1307c015d20d;e3958c2736a24adf9f7f1307c015d20d;"Gorgeous Paper IT Planet";Grant-Bayer;Sports%2C+Music+%26+Outdoors/Industrial;;/Gorgeous-Paper-IT-Planet/e3958c2736a24adf9f7f1307c015d20d;"Non iusto tempora rerum sapiente illo. Praesentium qui adipisci ipsa. Molestiae voluptates quisquam dignissimos sint corrupti perferendis in. Omnis aliquid quo cum corporis in illo quasi.";"|color=lightgrey|length=19 mm|content=1 ml|content=7 ml|length=12 mm|length=16 mm|color=mediumslateblue|content=6 ml|color=linen|";http://localhost/media/ca/39/e9/1620394007/86dc7d493965a06a2f92a3aac73ce984.jpg;440.09
217273e05333400fbd91a0a0eb64ffab;217273e05333400fbd91a0a0eb64ffab;"Small Rubber SustainFrame";"Trantow, Crooks and Mitchell";Toys;;/Small-Rubber-SustainFrame/217273e05333400fbd91a0a0eb64ffab;"Ex explicabo atque et et voluptatem vel quia cumque. Ea quae consequuntur est dolor aut tempore at et. Corrupti laudantium repudiandae reprehenderit nulla aliquid ea maxime labore.";"|content=4 ml|content=15 ml|length=9 mm|content=10 ml|length=7 mm|color=darkolivegreen|length=20 mm|color=navajowhite|color=newmidnightblue|";http://localhost/media/a2/35/fa/1620394006/fbe24216741fd257ee646e958ca0ec40.jpg;679.40
c414da03d781440e829a9d4ead8b54e7;c414da03d781440e829a9d4ead8b54e7;"Sleek Copper Magnaphone";"Bode, Connelly and Rosenbaum";Beauty/Outdoors%2C+Toys+%26+Kids;;/Sleek-Copper-Magnaphone/c414da03d781440e829a9d4ead8b54e7;"Quos pariatur dicta sed amet ipsam at. Harum maxime sed dignissimos consequatur et est libero. Ut et veritatis corrupti facilis.";"|content=19 ml|content=17 ml|length=6 mm|content=3 ml|color=darkgray|length=16 mm|length=13 mm|color=linen|color=wheat|";http://localhost/media/92/e6/90/1620394007/05d38ff2938b5e717ae82c44b8ef9130.jpg;125.09
c83ea712b1f64e1899a3c597222e8f8f;c83ea712b1f64e1899a3c597222e8f8f;"Ergonomic Steel Dearlescent";"Cummerata and Sons";Sports%2C+Music+%26+Outdoors/Industrial;;/Ergonomic-Steel-Dearlescent/c83ea712b1f64e1899a3c597222e8f8f;"Aut atque iusto earum nostrum aspernatur. Eos quia fugiat voluptatem corrupti dolore. Ab aut fugit aspernatur ut. Et vero aperiam quo officia.";"|content=19 ml|content=1 ml|length=21 mm|content=21 ml|color=darkorange|length=15 mm|color=mediumslateblue|length=2 mm|color=lightslategray|";http://localhost/media/72/6e/8b/1620394006/dc50876915cadcccb506f8abbcc3e938.jpg;584.10
170576d481f5471aba859635b12ea601;170576d481f5471aba859635b12ea601;"Heavy Duty Copper SteriThread";Kassulke-Von;Sports%2C+Music+%26+Outdoors/Books%2C+Jewelry+%26+Tools;;/Heavy-Duty-Copper-SteriThread/170576d481f5471aba859635b12ea601;"Ab molestiae aspernatur ex dolorem consectetur. Modi odit delectus fuga ut. In quia est doloremque cupiditate dicta et.";"|length=5 mm|length=21 mm|content=16 ml|content=10 ml|color=mediumblue|length=11 mm|content=6 ml|color=feldspar|color=tomato|";http://localhost/media/fa/cc/07/1620394006/c89faf7360f12c056e85ec7b4f29a6ea.jpg;162.36
d8449d2595054b2d89d94da2c7a60d0f;d8449d2595054b2d89d94da2c7a60d0f;"Fantastic Leather Bee Saw";"Lowe and Sons";Sports%2C+Music+%26+Outdoors/Outdoors+%26+Music;;/Fantastic-Leather-Bee-Saw/d8449d2595054b2d89d94da2c7a60d0f;"Consequuntur eum fugit et maiores. Animi quos aut beatae debitis blanditiis neque. Voluptas sit quisquam possimus expedita. Qui voluptas ut libero.";"|content=13 ml|length=19 mm|content=7 ml|color=dodgerblue|length=14 mm|length=6 mm|content=6 ml|color=summersky|color=ghostwhite|";http://localhost/media/32/a0/6d/1620394006/81e0f092e50b05e9c9b98addc9d46396.jpg;498.39
19e8b1aa51804101bcb971284d9f7530;19e8b1aa51804101bcb971284d9f7530;"Rustic Aluminum Phat Attic";"Abernathy LLC";Jewelry+%26+Outdoors/Baby%2C+Beauty+%26+Electronics;;/Rustic-Aluminum-Phat-Attic/19e8b1aa51804101bcb971284d9f7530;"Repellendus nam tempore exercitationem fugit sit. Unde at rerum quam laboriosam harum quo nihil. Iure possimus libero est praesentium.";"|length=5 mm|content=7 ml|content=15 ml|length=6 mm|content=3 ml|length=13 mm|color=steelblue|color=ivory|color=lightslateblue|";http://localhost/media/19/d8/2a/1620394007/98886b81f0c0b139bb75dbfec18adeff.jpg;371.54
f86455f411b845f1968b14912c5e40f1;f86455f411b845f1968b14912c5e40f1;"Heavy Duty Rubber BodyChrome";"Sanford LLC";Sports%2C+Music+%26+Outdoors/Garden%2C+Automotive+%26+Grocery;;/Heavy-Duty-Rubber-BodyChrome/f86455f411b845f1968b14912c5e40f1;"Sed ipsum sint deleniti blanditiis. Ut iure quia animi. Quo ea et reprehenderit placeat repellendus ipsam sunt dignissimos. Autem quia recusandae ut veritatis magni sit asperiores.";"|length=8 mm|length=5 mm|content=19 ml|content=1 ml|content=7 ml|length=15 mm|color=newmidnightblue|color=lightslategray|color=orangered|";http://localhost/media/a6/91/06/1620394006/2b3f12f287a00d55716107fbf6b62bcd.jpg;731.66
5b9a4ad792444b04b34e2aadbbb6b630;5b9a4ad792444b04b34e2aadbbb6b630;"Lightweight Silk Isologics";"Heaney, Murphy and Legros";Jewelry+%26+Outdoors/Games+%26+Baby;;/Lightweight-Silk-Isologics/5b9a4ad792444b04b34e2aadbbb6b630;"Et quia nulla dolor et. Pariatur necessitatibus culpa eos quam natus ea.";"|content=4 ml|content=12 ml|length=3 mm|color=salmon|color=cadetblue|content=14 ml|length=11 mm|color=mediumslateblue|length=20 mm|";http://localhost/media/5f/57/97/1620394006/44920206d751fd76361dc67a34ad0a72.jpg;299.78
8ce24644b5474148b6e32dfa680ad0c3;8ce24644b5474148b6e32dfa680ad0c3;"Mediocre Linen Censor Ship";"Jacobi Ltd";Beauty/Outdoors%2C+Toys+%26+Kids;;/Mediocre-Linen-Censor-Ship/8ce24644b5474148b6e32dfa680ad0c3;"Tenetur iusto porro sint est et sit itaque. Vel sapiente doloremque exercitationem dolores. Officia voluptatem harum nostrum.";"|length=19 mm|content=17 ml|length=21 mm|content=5 ml|content=11 ml|length=9 mm|color=darktan|color=mediumvioletred|color=tan|";http://localhost/media/e4/a9/a6/1620394007/4af8be57734066807ee6fe9d2c84b530.jpg;150.03
757dac81d89249619e156b2e08d47be1;757dac81d89249619e156b2e08d47be1;"Enormous Linen Mannequin Mime";"D'Amore, Bergnaum and Turcotte";Garden+%26+Jewelry/Games+%26+Books;;/Enormous-Linen-Mannequin-Mime/757dac81d89249619e156b2e08d47be1;"Quisquam repudiandae nesciunt error quasi eveniet. Occaecati veniam et ab sed numquam tenetur quasi. Quia deleniti autem non consectetur sapiente sit optio.";"|content=17 ml|length=3 mm|length=4 mm|content=2 ml|content=11 ml|length=18 mm|color=plum|color=coolcopper|color=huntergreen|";http://localhost/media/d4/8e/7d/1620394006/701a1e557327a66465fb5c8418f0fd9f.jpg;580.08
f45559fae5ce450c8b05993533eb0766;f45559fae5ce450c8b05993533eb0766;"Synergistic Linen Pearlesex";Grant-Bayer;Computers+%26+Music/Tools+%26+Beauty;;/Synergistic-Linen-Pearlesex/f45559fae5ce450c8b05993533eb0766;"Qui sit ipsam qui iure id possimus. Esse accusantium debitis rerum et quia. Harum laboriosam et magni nostrum praesentium vero cum.";"|content=19 ml|length=4 mm|content=2 ml|content=14 ml|length=15 mm|color=darkwood|length=20 mm|color=navajowhite|color=mediumspringgreen|";http://localhost/media/b9/9a/c3/1620394006/7fbd9c2c3cf8c7cd1477b1b16a461d87.jpg;246.50
54ada6fb4444493c943805d899189149;54ada6fb4444493c943805d899189149;"Durable Iron Velveeta ‘N Grits";"Cummerata and Sons";Garden+%26+Jewelry/Games+%26+Books;;/Durable-Iron-Velveeta-N-Grits/54ada6fb4444493c943805d899189149;"Dolores distinctio alias et et sed molestiae. Ut quis repellat asperiores qui voluptas aut et dolor.";"|content=13 ml|content=7 ml|length=21 mm|color=midnightblue|content=21 ml|length=1 mm|length=15 mm|color=orchid|color=beige|";http://localhost/media/a8/33/45/1620394007/91d89834277c84be29d29ed48bf9ac0b.jpg;534.88
53876e3e3b614b73b2e4fc3f72470f68;53876e3e3b614b73b2e4fc3f72470f68;"Sleek Bronze Eggs Benadryl";"Bahringer LLC";Toys/Games+%26+Kids;;/Sleek-Bronze-Eggs-Benadryl/53876e3e3b614b73b2e4fc3f72470f68;"Rerum eveniet ab quia velit totam. Rerum maiores enim nisi qui quidem. Ut aut voluptatem ut sit mollitia.";"|content=13 ml|length=19 mm|length=17 mm|length=6 mm|content=16 ml|content=6 ml|color=sandybrown|color=darkgreencopper|color=firebrick|";http://localhost/media/39/47/bb/1620394006/422cbe42af3752b3aff797326a87b943.jpg;114.56
2446ba90f8084c12af05e805a066a229;2446ba90f8084c12af05e805a066a229;"Incredible Leather Skin Bin";"Bahringer LLC";Garden+%26+Jewelry/Games%2C+Beauty+%26+Health;;/Incredible-Leather-Skin-Bin/2446ba90f8084c12af05e805a066a229;"Et voluptatem ut qui nemo autem. Perferendis assumenda et sequi quibusdam velit. Non sapiente consequatur architecto.";"|length=19 mm|length=10 mm|content=18 ml|content=14 ml|content=16 ml|length=16 mm|color=newtan|color=lightslateblue|color=turquoise|";http://localhost/media/af/ee/f9/1620394007/d522779cfdddbd98bec7fe655e325561.jpg;136.22
0bd5552cd93648d8bbc535008f922326;0bd5552cd93648d8bbc535008f922326;"Intelligent Cotton Gumby’s Choice";Ryan-Lind;Beauty/Toys+%26+Music;;/Intelligent-Cotton-Gumby-s-Choice/0bd5552cd93648d8bbc535008f922326;"Expedita officiis nemo in. Voluptatem aliquid in molestiae dolorum. Sint officiis reprehenderit soluta recusandae cumque natus unde.";"|content=19 ml|length=17 mm|content=15 ml|length=15 mm|content=10 ml|length=2 mm|color=orchid|color=whitesmoke|color=mediumpurple|";http://localhost/media/fd/19/6b/1620394007/44efcb4c56abddadf289c94a1ae0161b.jpg;154.85
3378d4e3dc624c0ebc076813d1015bfb;3378d4e3dc624c0ebc076813d1015bfb;"Awesome Iron Kitch Kids";"Kuhic LLC";Toys/Movies%2C+Toys+%26+Grocery;;/Awesome-Iron-Kitch-Kids/3378d4e3dc624c0ebc076813d1015bfb;"Quod est a molestiae quod. Animi sint ea aperiam cupiditate ut voluptas odit placeat. Nisi est asperiores occaecati deserunt doloremque quaerat porro.";"|length=8 mm|content=17 ml|content=1 ml|length=4 mm|content=8 ml|length=15 mm|color=mediumwood|color=lightcoral|color=mediumseagreen|";http://localhost/media/8f/7b/04/1620394007/04e433a266c5ce009e327a1f188a1a4d.jpg;406.89
4bf50c56f0644bd588a66207cd483999;4bf50c56f0644bd588a66207cd483999;"Sleek Silk Dirt Flyers";"Lesch, Mills and Lind";Garden+%26+Jewelry/Sports+%26+Electronics;;/Sleek-Silk-Dirt-Flyers/4bf50c56f0644bd588a66207cd483999;"Quasi illum voluptatibus maiores eos laborum et sapiente ex. Voluptates et dolorem quam et fugiat. Incidunt libero officia possimus illum.";"|content=19 ml|content=11 ml|color=slateblue|length=15 mm|content=10 ml|length=16 mm|length=13 mm|color=mediumgoldenrod|color=chocolate|";http://localhost/media/88/c9/a0/1620394007/26ce573d64a9fef70d90b11ddd41283b.jpg;388.25
118ff7072b5c4850bbc96134ec1f87e9;118ff7072b5c4850bbc96134ec1f87e9;"Gorgeous Cotton Eyewax";"Lowe and Sons";Baby%2C+Toys+%26+Electronics/Clothing%2C+Tools+%26+Games;;/Gorgeous-Cotton-Eyewax/118ff7072b5c4850bbc96134ec1f87e9;"Fugit harum eum libero consequatur sit. Beatae in repudiandae architecto voluptates. Modi totam vel et natus nihil non.";"|length=17 mm|content=9 ml|content=3 ml|length=13 mm|length=20 mm|content=6 ml|color=indianred|color=dustyrose|color=snow|";http://localhost/media/6c/5b/44/1620394006/03c73689020756cb98f84974facce153.jpg;980.24
6ba52949281b44558b20e4ab610cd44c;6ba52949281b44558b20e4ab610cd44c;"Durable Concrete Art Sphere";"Johns, Stiedemann and Hauck";Sports%2C+Music+%26+Outdoors/Books%2C+Jewelry+%26+Tools;;/Durable-Concrete-Art-Sphere/6ba52949281b44558b20e4ab610cd44c;"Rerum rerum alias exercitationem soluta occaecati. Nihil dicta et dolorem ex aut. Est quia odit qui impedit dolor.";"|content=4 ml|content=17 ml|length=21 mm|length=1 mm|color=limegreen|content=16 ml|color=scarlet|length=20 mm|color=wheat|";http://localhost/media/32/a0/6d/1620394006/81e0f092e50b05e9c9b98addc9d46396.jpg;50.23
6fcc3ef22b594947bf9a7ebb9be064f1;6fcc3ef22b594947bf9a7ebb9be064f1;"Practical Rubber Pore It On!";"Bahringer LLC";Garden+%26+Jewelry/Computers+%26+Garden;;/Practical-Rubber-Pore-It-On/6fcc3ef22b594947bf9a7ebb9be064f1;"Dicta quo reiciendis sit ullam officia explicabo eaque. Perferendis natus sunt exercitationem. Eos eaque eos necessitatibus itaque enim doloremque.";"|content=4 ml|length=4 mm|color=crimson|content=11 ml|content=20 ml|length=1 mm|color=limegreen|length=20 mm|color=quartz|";http://localhost/media/36/4b/e3/1620394007/22d8894c11a7c204676073b8486c8f3a.jpg;269.99
49162070f7c24e2fb06b0bee16de290a;49162070f7c24e2fb06b0bee16de290a;"Gorgeous Wooden Exerta";"Cummerata and Sons";Sports%2C+Music+%26+Outdoors/Automotive;;/Gorgeous-Wooden-Exerta/49162070f7c24e2fb06b0bee16de290a;"Consequatur accusantium quo fugiat distinctio a. Ad repellendus quia esse voluptatem dolorem error rerum. Sed et nemo ut suscipit non debitis eius explicabo.";"|content=17 ml|content=7 ml|length=21 mm|content=8 ml|length=7 mm|length=13 mm|color=huntergreen|color=palegoldenrod|color=seagreen|";http://localhost/media/43/7b/25/1620394007/ffe295216d3c91546c10657bb635e907.jpg;463.00
d1f53d3dd3784bdb869a45ea1b584693;d1f53d3dd3784bdb869a45ea1b584693;"Awesome Silk Comveyer";"D'Amore, Bergnaum and Turcotte";Sports%2C+Music+%26+Outdoors;;/Awesome-Silk-Comveyer/d1f53d3dd3784bdb869a45ea1b584693;"Fuga excepturi perferendis modi quos suscipit. Omnis omnis at consequatur quibusdam sed. Nihil veniam nesciunt tempora dolore. Iure et amet quasi quibusdam porro deleniti corporis.";"|length=8 mm|content=19 ml|content=17 ml|length=4 mm|content=18 ml|length=7 mm|color=huntergreen|color=turquoise|color=floralwhite|";http://localhost/media/4f/05/8e/1620394007/10326d240a15513894e7737bc90fd99e.jpg;592.37
8fb29ccaa9904c04a1c0c2cfd9040698;8fb29ccaa9904c04a1c0c2cfd9040698;"Gorgeous Copper House Scents";Witting-Bode;Beauty/Tools;;/Gorgeous-Copper-House-Scents/8fb29ccaa9904c04a1c0c2cfd9040698;"Cumque odit placeat quia. Aut hic ea vero tempora recusandae. Architecto ipsum suscipit dolor debitis ullam iusto exercitationem.";"|content=4 ml|content=7 ml|length=10 mm|content=18 ml|color=peachpuff|length=13 mm|length=2 mm|color=brightgold|color=navyblue|";http://localhost/media/4e/a8/f2/1620394007/452b096bd1b229342ad4a11ee4f8dff7.jpg;592.60
fd839c07d98c4698a41c919f3e641143;fd839c07d98c4698a41c919f3e641143;"Durable Paper Performunch";McGlynn-Rath;Toys/Computers%2C+Games+%26+Grocery;;/Durable-Paper-Performunch/fd839c07d98c4698a41c919f3e641143;"Eos placeat dolorem eos sint eos. Ut consequatur atque corporis esse eligendi occaecati consequatur. Inventore qui et molestiae.";"|content=13 ml|content=4 ml|length=5 mm|length=19 mm|color=dimgray|content=3 ml|length=15 mm|color=darkblue|color=mediumorchid|";http://localhost/media/94/33/86/1620394006/b88ff3af335dd34c50d802c330450a69.jpg;289.78
ac3a0e57df054f7c924e605250f519e9;ac3a0e57df054f7c924e605250f519e9;"Small Aluminum IsoMonk";"Johns, Stiedemann and Hauck";Beauty/Tools;;/Small-Aluminum-IsoMonk/ac3a0e57df054f7c924e605250f519e9;"Blanditiis quia aperiam hic eligendi dolore vel sed. Inventore ab beatae consequuntur et quia numquam quidem. Quidem quis modi occaecati rerum ea asperiores.";"|content=13 ml|length=19 mm|color=salmon|content=21 ml|length=1 mm|length=15 mm|content=16 ml|color=navajowhite|color=dustyrose|";http://localhost/media/e4/8b/e9/1620394007/5be6f798e1390d6114710755183a5236.jpg;718.94
c194b3456ffd4448bf3bc8ba4d98b936;c194b3456ffd4448bf3bc8ba4d98b936;"Small Wool Special Sticks";Grant-Bayer;Beauty/Industrial%2C+Automotive+%26+Health;;/Small-Wool-Special-Sticks/c194b3456ffd4448bf3bc8ba4d98b936;"Dolorem deleniti accusamus iure optio. Vero nobis aspernatur blanditiis. Praesentium et nihil earum impedit doloribus non. Eius pariatur voluptatibus rerum corrupti vitae.";"|length=8 mm|length=5 mm|content=12 ml|content=9 ml|content=21 ml|length=9 mm|color=papayawhip|color=darkbrown|color=lightwood|";http://localhost/media/61/70/03/1620394007/c62d128168622dbe2394575ab2782b41.jpg;452.53
d2e546cbd5314c77874a73f5dfc98730;d2e546cbd5314c77874a73f5dfc98730;"Sleek Paper PowerRain";"Rodriguez and Sons";Beauty/Clothing%2C+Tools+%26+Kids;;/Sleek-Paper-PowerRain/d2e546cbd5314c77874a73f5dfc98730;"Et repellat est vel doloremque nemo repudiandae. Soluta sit facere quia voluptatum quo eos ipsa. Hic quam sit itaque. Magnam similique quasi ipsam accusamus non dignissimos.";"|content=19 ml|content=15 ml|content=8 ml|length=16 mm|length=11 mm|length=20 mm|color=sandybrown|color=darkgreencopper|color=whitesmoke|";http://localhost/media/94/d8/40/1620394007/4f0bac15e0480239f4c027dfaf4c5121.jpg;28.01
b68f7bd578284d4caa72d32506a4f26a;b68f7bd578284d4caa72d32506a4f26a;"Fantastic Wool 33Ease";"Hoeger, Hilpert and Gutkowski";Jewelry+%26+Outdoors/Automotive%2C+Tools+%26+Kids;;/Fantastic-Wool-33Ease/b68f7bd578284d4caa72d32506a4f26a;"Quis tenetur atque nobis ut. Facilis voluptas pariatur sunt facere ea non expedita. Pariatur voluptatem aut quae voluptatibus.";"|content=4 ml|length=4 mm|length=21 mm|length=12 mm|color=midnightblue|content=11 ml|content=8 ml|color=darktan|color=saddlebrown|";http://localhost/media/54/79/eb/1620394006/2ce116d216a3f05c5333af3b7c12e9f1.jpg;677.53
